Chrom	Position	Ref	Variant	Quality	Frequency	Coverage	Allele Coverage	Strand Bias
chr2	29443617	C	G	15039.2	0.66702	1886	1258	0.566534
chr2	212812097	T	C	19445.6	0.754	2000	1508	0.501616
chr4	1807894	G	A	23811.6	1	1497	1497	0.5
chr4	55141055	A	G	31996.9	1	1997	1997	0.5
chr4	55152040	C	T	3787.89	0.270771	1998	541	0.532987
chr5	112175770	G	A	28084.5	0.937	2000	1874	0.533853
chr5	149433596	TG	GA	15740.6	1	989	989	0.5
chr7	55249063	G	A	3113.01	0.456583	714	326	0.54646
chr10	43613843	G	T	15560.7	0.655828	1999	1311	0.502195
chr10	43615633	C	G	11707.3	0.631975	1595	1008	0.502186
chr11	534242	A	G	3765.34	0.405222	1034	419	0.515496
chr11	108117798	C	T	5434.13	0.337	2000	674	0.509251
chr13	28610183	A	G	32006.1	1	1999	1999	0.5
chr17	7577096	T	C	7052.72	0.528125	1280	676	0.506309
chr17	7579472	G	C	11475.7	0.76643	1126	863	0.512774
chr18	48586323	T	C	15273.7	0.648798	1996	1295	0.504999
chr19	1220321	T	C	9062.14	0.802585	851	683	0.501775
chr19	17954214	G	A	3082.4	0.353497	1058	374	0.50805
