Chrom	Position	Ref	Variant	Quality	Frequency	Coverage	Allele Coverage	Strand Bias
chr3	178917005	A	G	11240.2	0.533	2000	1066	0.513142
chr4	1807894	G	A	19899.3	1	1249	1249	0.5
chr4	55141055	A	G	32078.9	1	2000	2000	0.5
chr5	112175770	G	A	9357.47	0.474712	1997	948	0.510509
chr5	149433596	TG	GA	3589.53	0.280112	1785	500	0.905741
chr7	55249063	G	A	18033	1	1137	1137	0.5
chr10	43613843	G	T	22093.3	1	1381	1381	0.5
chr13	28610183	A	G	735.099	0.116358	1779	207	0.560602
chr17	7579472	G	C	14973	0.95	1040	988	0.516388
